-- AUTO-GENERATED by scripts/gen-seed.mjs — schema + demo data.
-- Paste this whole file into the Supabase SQL editor and Run.

-- Bookera catalogue schema
-- Public read-only (RLS select=true). Writes only via service-role key (ingest).

-- ───────────────────────── hotels ─────────────────────────
create table if not exists public.hotels (
  id              bigint primary key,            -- hotel id
  slug            text not null unique,          -- full hotel slug (incl. id)
  name            text not null,
  city            text,
  district        text,
  region          text,
  region_id       bigint,
  region_slug     text,
  location        text,                          -- "town, city, country" display
  rating          numeric(4,2) default 0,        -- reviewScore 0..10
  rating_label    text,
  star_rating     int default 0,
  review_count    int default 0,
  board           text,
  description     text,
  lat             double precision,
  lng             double precision,
  total_photos    int default 0,
  gallery         jsonb default '[]'::jsonb,
  amenities       jsonb default '[]'::jsonb,
  pois            jsonb default '[]'::jsonb,
  category_scores jsonb default '[]'::jsonb,
  ai_likes        jsonb default '[]'::jsonb,
  discount_pct    int default 0,
  old_price_tl    numeric(12,2),
  price_tl        numeric(12,2),
  nights          int default 2,
  rooms_left      int,
  is_cyprus       boolean default false,
  is_domestic     boolean default false,
  snapshot_checkin  date,
  snapshot_checkout date,
  scraped_at      timestamptz default now()
);
create index if not exists hotels_region_idx on public.hotels (region);
create index if not exists hotels_city_idx   on public.hotels (city);
create index if not exists hotels_rating_idx on public.hotels (rating desc);
create index if not exists hotels_cyprus_idx on public.hotels (is_cyprus);

-- ───────────────────────── rooms ─────────────────────────
create table if not exists public.rooms (
  id           bigserial primary key,
  hotel_id     bigint not null references public.hotels(id) on delete cascade,
  name         text not null,
  size_m2      int default 0,
  amenities    jsonb default '[]'::jsonb,
  images       jsonb default '[]'::jsonb,
  board        text,
  cancellable  boolean default false,
  discount_pct int default 0,
  old_price_tl numeric(12,2),
  price_tl     numeric(12,2),
  sort_order   int default 0
);
create index if not exists rooms_hotel_idx on public.rooms (hotel_id, sort_order);

-- ───────────────────────── reviews ─────────────────────────
create table if not exists public.reviews (
  id          bigserial primary key,
  hotel_id    bigint not null references public.hotels(id) on delete cascade,
  initials    text,
  name        text,
  review_date text,
  rating      numeric(4,2),
  text        text,
  room        text,
  stay        text,
  guest_type  text,
  source_key  text,
  unique (hotel_id, source_key)
);
create index if not exists reviews_hotel_idx on public.reviews (hotel_id);

-- ───────────────────────── cars ─────────────────────────
create table if not exists public.cars (
  id           bigserial primary key,
  slug         text not null unique,
  name         text not null,
  transmission text,
  fuel         text,
  min_age      int,
  km_limit     int,
  deposit_tl   numeric(12,2),
  delivery     text,
  car_class    text,
  supplier     text,
  rating       numeric(4,2),
  review_count int default 0,
  location     text,
  daily_tl     numeric(12,2),
  total_tl     numeric(12,2),
  free_cancel  boolean default false,
  accent       text,
  image        text,
  scraped_at   timestamptz default now()
);
create index if not exists cars_class_idx    on public.cars (car_class);
create index if not exists cars_supplier_idx on public.cars (supplier);

-- ───────────────────────── RLS: public read ─────────────────────────
alter table public.hotels  enable row level security;
alter table public.rooms   enable row level security;
alter table public.reviews enable row level security;
alter table public.cars    enable row level security;

drop policy if exists "public read hotels"  on public.hotels;
drop policy if exists "public read rooms"    on public.rooms;
drop policy if exists "public read reviews"  on public.reviews;
drop policy if exists "public read cars"     on public.cars;

create policy "public read hotels"  on public.hotels  for select using (true);
create policy "public read rooms"    on public.rooms   for select using (true);
create policy "public read reviews"  on public.reviews for select using (true);
create policy "public read cars"     on public.cars    for select using (true);
-- no insert/update/delete policies => anon cannot write; ingest uses service-role.


-- ───────────────────────── seed data (idempotent) ─────────────────────────
begin;
delete from public.reviews where hotel_id between 1 and 8;
delete from public.rooms   where hotel_id between 1 and 8;
delete from public.hotels  where id between 1 and 8;

insert into public.hotels (id,slug,name,city,district,region,region_slug,location,rating,rating_label,star_rating,review_count,board,description,lat,lng,total_photos,gallery,amenities,pois,category_scores,ai_likes,discount_pct,old_price_tl,price_tl,nights,rooms_left,is_cyprus,is_domestic) values (1,'merit-park','Merit Park Hotel & Casino','Girne','Karaoğlanoğlu','Kıbrıs','kibris-45','Karaoğlanoğlu, Girne, Kıbrıs',9.7,'Olağanüstü',5,1840,'Ultra Her Şey Dahil','Merit Park Hotel & Casino, Girne bölgesinde Karaoğlanoğlu mevkiinde yer alan olağanüstü puanlı bir tatil tesisidir. Özel plajı, açık ve kapalı havuzları, spa merkezi ve zengin yeme-içme seçenekleriyle konforlu bir konaklama sunar.',35.356,33.2705,24,'["/images/hotels/merit-park.webp","/images/hotels/concorde-luxury.webp","/images/hotels/grand-pasha-kyrenia.webp","/images/hotels/salamis-bay.webp"]'::jsonb,'["Özel Plaj","Açık Havuz","Kapalı Havuz","Spa & Wellness","Fitness","Ücretsiz Otopark","Ücretsiz Wi-Fi","Restoran"]'::jsonb,'[{"type":"airport","name":"Ercan Havalimanı","distance":"42 km"},{"type":"beach","name":"Özel Plaj","distance":"0 m"},{"type":"center","name":"Şehir Merkezi","distance":"3.2 km"},{"type":"landmark","name":"Girne Limanı","distance":"5.5 km"}]'::jsonb,'[{"label":"Temizlik","score":9.1},{"label":"Konum","score":8.8},{"label":"Hizmet","score":9},{"label":"Konfor","score":8.7},{"label":"Fiyat/Performans","score":8.4}]'::jsonb,'["Misafirler temiz ve ferah odalardan övgüyle bahsediyor","Deniz manzarası ve özel plaj çok beğeniliyor","Personelin ilgisi sık sık öne çıkarılıyor","Zengin açık büfe kahvaltı misafirlerin favorisi"]'::jsonb,20,70000,56000,2,3,true,false);
insert into public.hotels (id,slug,name,city,district,region,region_slug,location,rating,rating_label,star_rating,review_count,board,description,lat,lng,total_photos,gallery,amenities,pois,category_scores,ai_likes,discount_pct,old_price_tl,price_tl,nights,rooms_left,is_cyprus,is_domestic) values (2,'concorde-luxury-resort','Concorde Luxury Resort','Gazimağusa','Bafra','Kıbrıs','kibris-45','Bafra, Gazimağusa, Kıbrıs',9.3,'Mükemmel',5,2103,'Ultra Her Şey Dahil','Concorde Luxury Resort, Gazimağusa bölgesinde Bafra mevkiinde yer alan mükemmel puanlı bir tatil tesisidir. Özel plajı, açık ve kapalı havuzları, spa merkezi ve zengin yeme-içme seçenekleriyle konforlu bir konaklama sunar.',35.401,34.002,24,'["/images/hotels/concorde-luxury.webp","/images/hotels/merit-park.webp","/images/hotels/grand-pasha-kyrenia.webp","/images/hotels/salamis-bay.webp"]'::jsonb,'["Özel Plaj","Açık Havuz","Kapalı Havuz","Spa & Wellness","Fitness","Ücretsiz Otopark","Ücretsiz Wi-Fi","Restoran"]'::jsonb,'[{"type":"airport","name":"Ercan Havalimanı","distance":"42 km"},{"type":"beach","name":"Özel Plaj","distance":"0 m"},{"type":"center","name":"Şehir Merkezi","distance":"3.2 km"},{"type":"landmark","name":"Girne Limanı","distance":"5.5 km"}]'::jsonb,'[{"label":"Temizlik","score":9.1},{"label":"Konum","score":8.8},{"label":"Hizmet","score":9},{"label":"Konfor","score":8.7},{"label":"Fiyat/Performans","score":8.4}]'::jsonb,'["Misafirler temiz ve ferah odalardan övgüyle bahsediyor","Deniz manzarası ve özel plaj çok beğeniliyor","Personelin ilgisi sık sık öne çıkarılıyor","Zengin açık büfe kahvaltı misafirlerin favorisi"]'::jsonb,20,70200,56160,2,3,true,false);
insert into public.hotels (id,slug,name,city,district,region,region_slug,location,rating,rating_label,star_rating,review_count,board,description,lat,lng,total_photos,gallery,amenities,pois,category_scores,ai_likes,discount_pct,old_price_tl,price_tl,nights,rooms_left,is_cyprus,is_domestic) values (3,'salamis-bay-conti','Salamis Bay Conti Resort Hotel','Gazimağusa','Yeniboğaziçi','Kıbrıs','kibris-45','Yeniboğaziçi, Gazimağusa, Kıbrıs',8.9,'Harika',5,1567,'Ultra Her Şey Dahil','Salamis Bay Conti Resort Hotel, Gazimağusa bölgesinde Yeniboğaziçi mevkiinde yer alan harika puanlı bir tatil tesisidir. Özel plajı, açık ve kapalı havuzları, spa merkezi ve zengin yeme-içme seçenekleriyle konforlu bir konaklama sunar.',35.1235,33.942,24,'["/images/hotels/salamis-bay.webp","/images/hotels/concorde-luxury.webp","/images/hotels/merit-park.webp","/images/hotels/grand-pasha-kyrenia.webp"]'::jsonb,'["Özel Plaj","Açık Havuz","Kapalı Havuz","Spa & Wellness","Fitness","Ücretsiz Otopark","Ücretsiz Wi-Fi","Restoran"]'::jsonb,'[{"type":"airport","name":"Ercan Havalimanı","distance":"42 km"},{"type":"beach","name":"Özel Plaj","distance":"0 m"},{"type":"center","name":"Şehir Merkezi","distance":"3.2 km"},{"type":"landmark","name":"Girne Limanı","distance":"5.5 km"}]'::jsonb,'[{"label":"Temizlik","score":9.1},{"label":"Konum","score":8.8},{"label":"Hizmet","score":9},{"label":"Konfor","score":8.7},{"label":"Fiyat/Performans","score":8.4}]'::jsonb,'["Misafirler temiz ve ferah odalardan övgüyle bahsediyor","Deniz manzarası ve özel plaj çok beğeniliyor","Personelin ilgisi sık sık öne çıkarılıyor","Zengin açık büfe kahvaltı misafirlerin favorisi"]'::jsonb,20,41250,33000,2,3,true,false);
insert into public.hotels (id,slug,name,city,district,region,region_slug,location,rating,rating_label,star_rating,review_count,board,description,lat,lng,total_photos,gallery,amenities,pois,category_scores,ai_likes,discount_pct,old_price_tl,price_tl,nights,rooms_left,is_cyprus,is_domestic) values (4,'pia-bella','Pia Bella Hotel','Girne','Yukarı Girne','Kıbrıs','kibris-45','Yukarı Girne, Girne, Kıbrıs',8.6,'Harika',5,921,'Kahvaltı Dahil','Pia Bella Hotel, Girne bölgesinde Yukarı Girne mevkiinde yer alan harika puanlı bir tatil tesisidir. Özel plajı, açık ve kapalı havuzları, spa merkezi ve zengin yeme-içme seçenekleriyle konforlu bir konaklama sunar.',35.3348,33.3225,24,'["/images/hotels/pia-bella.webp","/images/hotels/concorde-luxury.webp","/images/hotels/merit-park.webp","/images/hotels/grand-pasha-kyrenia.webp"]'::jsonb,'["Özel Plaj","Açık Havuz","Kapalı Havuz","Spa & Wellness","Fitness","Ücretsiz Otopark","Ücretsiz Wi-Fi","Restoran"]'::jsonb,'[{"type":"airport","name":"Ercan Havalimanı","distance":"42 km"},{"type":"beach","name":"Özel Plaj","distance":"0 m"},{"type":"center","name":"Şehir Merkezi","distance":"3.2 km"},{"type":"landmark","name":"Girne Limanı","distance":"5.5 km"}]'::jsonb,'[{"label":"Temizlik","score":9.1},{"label":"Konum","score":8.8},{"label":"Hizmet","score":9},{"label":"Konfor","score":8.7},{"label":"Fiyat/Performans","score":8.4}]'::jsonb,'["Misafirler temiz ve ferah odalardan övgüyle bahsediyor","Deniz manzarası ve özel plaj çok beğeniliyor","Personelin ilgisi sık sık öne çıkarılıyor","Zengin açık büfe kahvaltı misafirlerin favorisi"]'::jsonb,20,20703,16562,2,3,true,false);
insert into public.hotels (id,slug,name,city,district,region,region_slug,location,rating,rating_label,star_rating,review_count,board,description,lat,lng,total_photos,gallery,amenities,pois,category_scores,ai_likes,discount_pct,old_price_tl,price_tl,nights,rooms_left,is_cyprus,is_domestic) values (5,'vuni-palace','Vuni Palace Hotel','Girne','Karakum','Kıbrıs','kibris-45','Karakum, Girne, Kıbrıs',8.5,'Harika',5,1342,'Yarım Pansiyon','Vuni Palace Hotel, Girne bölgesinde Karakum mevkiinde yer alan harika puanlı bir tatil tesisidir. Özel plajı, açık ve kapalı havuzları, spa merkezi ve zengin yeme-içme seçenekleriyle konforlu bir konaklama sunar.',35.3415,33.3055,24,'["/images/hotels/vuni-palace.webp","/images/hotels/concorde-luxury.webp","/images/hotels/merit-park.webp","/images/hotels/grand-pasha-kyrenia.webp"]'::jsonb,'["Özel Plaj","Açık Havuz","Kapalı Havuz","Spa & Wellness","Fitness","Ücretsiz Otopark","Ücretsiz Wi-Fi","Restoran"]'::jsonb,'[{"type":"airport","name":"Ercan Havalimanı","distance":"42 km"},{"type":"beach","name":"Özel Plaj","distance":"0 m"},{"type":"center","name":"Şehir Merkezi","distance":"3.2 km"},{"type":"landmark","name":"Girne Limanı","distance":"5.5 km"}]'::jsonb,'[{"label":"Temizlik","score":9.1},{"label":"Konum","score":8.8},{"label":"Hizmet","score":9},{"label":"Konfor","score":8.7},{"label":"Fiyat/Performans","score":8.4}]'::jsonb,'["Misafirler temiz ve ferah odalardan övgüyle bahsediyor","Deniz manzarası ve özel plaj çok beğeniliyor","Personelin ilgisi sık sık öne çıkarılıyor","Zengin açık büfe kahvaltı misafirlerin favorisi"]'::jsonb,20,38581,30865,2,3,true,false);
insert into public.hotels (id,slug,name,city,district,region,region_slug,location,rating,rating_label,star_rating,review_count,board,description,lat,lng,total_photos,gallery,amenities,pois,category_scores,ai_likes,discount_pct,old_price_tl,price_tl,nights,rooms_left,is_cyprus,is_domestic) values (6,'grand-pasha-kyrenia','Grand Pasha Kyrenia Hotel & Spa','Girne','Yukarı Girne','Kıbrıs','kibris-45','Yukarı Girne, Girne, Kıbrıs',8.4,'Çok İyi',5,688,'Sadece Oda','Grand Pasha Kyrenia Hotel & Spa, Girne bölgesinde Yukarı Girne mevkiinde yer alan çok i̇yi puanlı bir tatil tesisidir. Özel plajı, açık ve kapalı havuzları, spa merkezi ve zengin yeme-içme seçenekleriyle konforlu bir konaklama sunar.',35.336,33.319,24,'["/images/hotels/grand-pasha-kyrenia.webp","/images/hotels/concorde-luxury.webp","/images/hotels/merit-park.webp","/images/hotels/salamis-bay.webp"]'::jsonb,'["Özel Plaj","Açık Havuz","Kapalı Havuz","Spa & Wellness","Fitness","Ücretsiz Otopark","Ücretsiz Wi-Fi","Restoran"]'::jsonb,'[{"type":"airport","name":"Ercan Havalimanı","distance":"42 km"},{"type":"beach","name":"Özel Plaj","distance":"0 m"},{"type":"center","name":"Şehir Merkezi","distance":"3.2 km"},{"type":"landmark","name":"Girne Limanı","distance":"5.5 km"}]'::jsonb,'[{"label":"Temizlik","score":9.1},{"label":"Konum","score":8.8},{"label":"Hizmet","score":9},{"label":"Konfor","score":8.7},{"label":"Fiyat/Performans","score":8.4}]'::jsonb,'["Misafirler temiz ve ferah odalardan övgüyle bahsediyor","Deniz manzarası ve özel plaj çok beğeniliyor","Personelin ilgisi sık sık öne çıkarılıyor","Zengin açık büfe kahvaltı misafirlerin favorisi"]'::jsonb,20,19040,15232,2,3,true,false);
insert into public.hotels (id,slug,name,city,district,region,region_slug,location,rating,rating_label,star_rating,review_count,board,description,lat,lng,total_photos,gallery,amenities,pois,category_scores,ai_likes,discount_pct,old_price_tl,price_tl,nights,rooms_left,is_cyprus,is_domestic) values (7,'acapulco','Acapulco Resort Convention & Spa','Girne','Çatalköy','Kıbrıs','kibris-45','Çatalköy, Girne, Kıbrıs',7.9,'İyi',5,1198,'Yarım Pansiyon','Acapulco Resort Convention & Spa, Girne bölgesinde Çatalköy mevkiinde yer alan i̇yi puanlı bir tatil tesisidir. Özel plajı, açık ve kapalı havuzları, spa merkezi ve zengin yeme-içme seçenekleriyle konforlu bir konaklama sunar.',35.3705,33.364,24,'["/images/hotels/acapulco.webp","/images/hotels/concorde-luxury.webp","/images/hotels/merit-park.webp","/images/hotels/grand-pasha-kyrenia.webp"]'::jsonb,'["Özel Plaj","Açık Havuz","Kapalı Havuz","Spa & Wellness","Fitness","Ücretsiz Otopark","Ücretsiz Wi-Fi","Restoran"]'::jsonb,'[{"type":"airport","name":"Ercan Havalimanı","distance":"42 km"},{"type":"beach","name":"Özel Plaj","distance":"0 m"},{"type":"center","name":"Şehir Merkezi","distance":"3.2 km"},{"type":"landmark","name":"Girne Limanı","distance":"5.5 km"}]'::jsonb,'[{"label":"Temizlik","score":9.1},{"label":"Konum","score":8.8},{"label":"Hizmet","score":9},{"label":"Konfor","score":8.7},{"label":"Fiyat/Performans","score":8.4}]'::jsonb,'["Misafirler temiz ve ferah odalardan övgüyle bahsediyor","Deniz manzarası ve özel plaj çok beğeniliyor","Personelin ilgisi sık sık öne çıkarılıyor","Zengin açık büfe kahvaltı misafirlerin favorisi"]'::jsonb,20,40500,32400,2,3,true,false);
insert into public.hotels (id,slug,name,city,district,region,region_slug,location,rating,rating_label,star_rating,review_count,board,description,lat,lng,total_photos,gallery,amenities,pois,category_scores,ai_likes,discount_pct,old_price_tl,price_tl,nights,rooms_left,is_cyprus,is_domestic) values (8,'riverside-garden','Riverside Garden Resort','Girne','Yayla','Kıbrıs','kibris-45','Yayla, Girne, Kıbrıs',7.3,'İyi',5,534,'Sadece Oda','Riverside Garden Resort, Girne bölgesinde Yayla mevkiinde yer alan i̇yi puanlı bir tatil tesisidir. Özel plajı, açık ve kapalı havuzları, spa merkezi ve zengin yeme-içme seçenekleriyle konforlu bir konaklama sunar.',35.33,33.251,24,'["/images/hotels/riverside-garden.webp","/images/hotels/concorde-luxury.webp","/images/hotels/merit-park.webp","/images/hotels/grand-pasha-kyrenia.webp"]'::jsonb,'["Özel Plaj","Açık Havuz","Kapalı Havuz","Spa & Wellness","Fitness","Ücretsiz Otopark","Ücretsiz Wi-Fi","Restoran"]'::jsonb,'[{"type":"airport","name":"Ercan Havalimanı","distance":"42 km"},{"type":"beach","name":"Özel Plaj","distance":"0 m"},{"type":"center","name":"Şehir Merkezi","distance":"3.2 km"},{"type":"landmark","name":"Girne Limanı","distance":"5.5 km"}]'::jsonb,'[{"label":"Temizlik","score":9.1},{"label":"Konum","score":8.8},{"label":"Hizmet","score":9},{"label":"Konfor","score":8.7},{"label":"Fiyat/Performans","score":8.4}]'::jsonb,'["Misafirler temiz ve ferah odalardan övgüyle bahsediyor","Deniz manzarası ve özel plaj çok beğeniliyor","Personelin ilgisi sık sık öne çıkarılıyor","Zengin açık büfe kahvaltı misafirlerin favorisi"]'::jsonb,20,10823,8658,2,3,true,false);

insert into public.rooms (hotel_id,name,size_m2,amenities,images,board,cancellable,discount_pct,old_price_tl,price_tl,sort_order) values (1,'Standart Oda',28,'["Klima","Ücretsiz Wi-Fi","Minibar","LCD TV"]'::jsonb,'["/images/hotels/merit-park.webp","/images/hotels/concorde-luxury.webp","/images/hotels/grand-pasha-kyrenia.webp"]'::jsonb,'Ultra Her Şey Dahil',true,20,70000,56000,0);
insert into public.rooms (hotel_id,name,size_m2,amenities,images,board,cancellable,discount_pct,old_price_tl,price_tl,sort_order) values (1,'Deluxe Deniz Manzaralı Oda',36,'["Deniz Manzarası","Klima","Balkon","Ücretsiz Wi-Fi","Minibar"]'::jsonb,'["/images/hotels/merit-park.webp","/images/hotels/concorde-luxury.webp","/images/hotels/grand-pasha-kyrenia.webp"]'::jsonb,'Ultra Her Şey Dahil',true,20,82600,66080,1);
insert into public.rooms (hotel_id,name,size_m2,amenities,images,board,cancellable,discount_pct,old_price_tl,price_tl,sort_order) values (1,'Aile Suiti',52,'["2 Yatak Odası","Oturma Alanı","Deniz Manzarası","Klima","Minibar"]'::jsonb,'["/images/hotels/merit-park.webp","/images/hotels/concorde-luxury.webp","/images/hotels/grand-pasha-kyrenia.webp"]'::jsonb,'Ultra Her Şey Dahil',false,20,101500,81200,2);
insert into public.rooms (hotel_id,name,size_m2,amenities,images,board,cancellable,discount_pct,old_price_tl,price_tl,sort_order) values (2,'Standart Oda',28,'["Klima","Ücretsiz Wi-Fi","Minibar","LCD TV"]'::jsonb,'["/images/hotels/concorde-luxury.webp","/images/hotels/merit-park.webp","/images/hotels/grand-pasha-kyrenia.webp"]'::jsonb,'Ultra Her Şey Dahil',true,20,70200,56160,0);
insert into public.rooms (hotel_id,name,size_m2,amenities,images,board,cancellable,discount_pct,old_price_tl,price_tl,sort_order) values (2,'Deluxe Deniz Manzaralı Oda',36,'["Deniz Manzarası","Klima","Balkon","Ücretsiz Wi-Fi","Minibar"]'::jsonb,'["/images/hotels/concorde-luxury.webp","/images/hotels/merit-park.webp","/images/hotels/grand-pasha-kyrenia.webp"]'::jsonb,'Ultra Her Şey Dahil',true,20,82836,66269,1);
insert into public.rooms (hotel_id,name,size_m2,amenities,images,board,cancellable,discount_pct,old_price_tl,price_tl,sort_order) values (2,'Aile Suiti',52,'["2 Yatak Odası","Oturma Alanı","Deniz Manzarası","Klima","Minibar"]'::jsonb,'["/images/hotels/concorde-luxury.webp","/images/hotels/merit-park.webp","/images/hotels/grand-pasha-kyrenia.webp"]'::jsonb,'Ultra Her Şey Dahil',false,20,101790,81432,2);
insert into public.rooms (hotel_id,name,size_m2,amenities,images,board,cancellable,discount_pct,old_price_tl,price_tl,sort_order) values (3,'Standart Oda',28,'["Klima","Ücretsiz Wi-Fi","Minibar","LCD TV"]'::jsonb,'["/images/hotels/salamis-bay.webp","/images/hotels/concorde-luxury.webp","/images/hotels/merit-park.webp"]'::jsonb,'Ultra Her Şey Dahil',true,20,41250,33000,0);
insert into public.rooms (hotel_id,name,size_m2,amenities,images,board,cancellable,discount_pct,old_price_tl,price_tl,sort_order) values (3,'Deluxe Deniz Manzaralı Oda',36,'["Deniz Manzarası","Klima","Balkon","Ücretsiz Wi-Fi","Minibar"]'::jsonb,'["/images/hotels/salamis-bay.webp","/images/hotels/concorde-luxury.webp","/images/hotels/merit-park.webp"]'::jsonb,'Ultra Her Şey Dahil',true,20,48675,38940,1);
insert into public.rooms (hotel_id,name,size_m2,amenities,images,board,cancellable,discount_pct,old_price_tl,price_tl,sort_order) values (3,'Aile Suiti',52,'["2 Yatak Odası","Oturma Alanı","Deniz Manzarası","Klima","Minibar"]'::jsonb,'["/images/hotels/salamis-bay.webp","/images/hotels/concorde-luxury.webp","/images/hotels/merit-park.webp"]'::jsonb,'Ultra Her Şey Dahil',false,20,59813,47850,2);
insert into public.rooms (hotel_id,name,size_m2,amenities,images,board,cancellable,discount_pct,old_price_tl,price_tl,sort_order) values (4,'Standart Oda',28,'["Klima","Ücretsiz Wi-Fi","Minibar","LCD TV"]'::jsonb,'["/images/hotels/pia-bella.webp","/images/hotels/concorde-luxury.webp","/images/hotels/merit-park.webp"]'::jsonb,'Kahvaltı Dahil',true,20,20703,16562,0);
insert into public.rooms (hotel_id,name,size_m2,amenities,images,board,cancellable,discount_pct,old_price_tl,price_tl,sort_order) values (4,'Deluxe Deniz Manzaralı Oda',36,'["Deniz Manzarası","Klima","Balkon","Ücretsiz Wi-Fi","Minibar"]'::jsonb,'["/images/hotels/pia-bella.webp","/images/hotels/concorde-luxury.webp","/images/hotels/merit-park.webp"]'::jsonb,'Kahvaltı Dahil',true,20,24429,19543,1);
insert into public.rooms (hotel_id,name,size_m2,amenities,images,board,cancellable,discount_pct,old_price_tl,price_tl,sort_order) values (4,'Aile Suiti',52,'["2 Yatak Odası","Oturma Alanı","Deniz Manzarası","Klima","Minibar"]'::jsonb,'["/images/hotels/pia-bella.webp","/images/hotels/concorde-luxury.webp","/images/hotels/merit-park.webp"]'::jsonb,'Kahvaltı Dahil',false,20,30019,24015,2);
insert into public.rooms (hotel_id,name,size_m2,amenities,images,board,cancellable,discount_pct,old_price_tl,price_tl,sort_order) values (5,'Standart Oda',28,'["Klima","Ücretsiz Wi-Fi","Minibar","LCD TV"]'::jsonb,'["/images/hotels/vuni-palace.webp","/images/hotels/concorde-luxury.webp","/images/hotels/merit-park.webp"]'::jsonb,'Yarım Pansiyon',true,20,38581,30865,0);
insert into public.rooms (hotel_id,name,size_m2,amenities,images,board,cancellable,discount_pct,old_price_tl,price_tl,sort_order) values (5,'Deluxe Deniz Manzaralı Oda',36,'["Deniz Manzarası","Klima","Balkon","Ücretsiz Wi-Fi","Minibar"]'::jsonb,'["/images/hotels/vuni-palace.webp","/images/hotels/concorde-luxury.webp","/images/hotels/merit-park.webp"]'::jsonb,'Yarım Pansiyon',true,20,45526,36421,1);
insert into public.rooms (hotel_id,name,size_m2,amenities,images,board,cancellable,discount_pct,old_price_tl,price_tl,sort_order) values (5,'Aile Suiti',52,'["2 Yatak Odası","Oturma Alanı","Deniz Manzarası","Klima","Minibar"]'::jsonb,'["/images/hotels/vuni-palace.webp","/images/hotels/concorde-luxury.webp","/images/hotels/merit-park.webp"]'::jsonb,'Yarım Pansiyon',false,20,55943,44754,2);
insert into public.rooms (hotel_id,name,size_m2,amenities,images,board,cancellable,discount_pct,old_price_tl,price_tl,sort_order) values (6,'Standart Oda',28,'["Klima","Ücretsiz Wi-Fi","Minibar","LCD TV"]'::jsonb,'["/images/hotels/grand-pasha-kyrenia.webp","/images/hotels/concorde-luxury.webp","/images/hotels/merit-park.webp"]'::jsonb,'Sadece Oda',true,20,19040,15232,0);
insert into public.rooms (hotel_id,name,size_m2,amenities,images,board,cancellable,discount_pct,old_price_tl,price_tl,sort_order) values (6,'Deluxe Deniz Manzaralı Oda',36,'["Deniz Manzarası","Klima","Balkon","Ücretsiz Wi-Fi","Minibar"]'::jsonb,'["/images/hotels/grand-pasha-kyrenia.webp","/images/hotels/concorde-luxury.webp","/images/hotels/merit-park.webp"]'::jsonb,'Sadece Oda',true,20,22468,17974,1);
insert into public.rooms (hotel_id,name,size_m2,amenities,images,board,cancellable,discount_pct,old_price_tl,price_tl,sort_order) values (6,'Aile Suiti',52,'["2 Yatak Odası","Oturma Alanı","Deniz Manzarası","Klima","Minibar"]'::jsonb,'["/images/hotels/grand-pasha-kyrenia.webp","/images/hotels/concorde-luxury.webp","/images/hotels/merit-park.webp"]'::jsonb,'Sadece Oda',false,20,27608,22086,2);
insert into public.rooms (hotel_id,name,size_m2,amenities,images,board,cancellable,discount_pct,old_price_tl,price_tl,sort_order) values (7,'Standart Oda',28,'["Klima","Ücretsiz Wi-Fi","Minibar","LCD TV"]'::jsonb,'["/images/hotels/acapulco.webp","/images/hotels/concorde-luxury.webp","/images/hotels/merit-park.webp"]'::jsonb,'Yarım Pansiyon',true,20,40500,32400,0);
insert into public.rooms (hotel_id,name,size_m2,amenities,images,board,cancellable,discount_pct,old_price_tl,price_tl,sort_order) values (7,'Deluxe Deniz Manzaralı Oda',36,'["Deniz Manzarası","Klima","Balkon","Ücretsiz Wi-Fi","Minibar"]'::jsonb,'["/images/hotels/acapulco.webp","/images/hotels/concorde-luxury.webp","/images/hotels/merit-park.webp"]'::jsonb,'Yarım Pansiyon',true,20,47790,38232,1);
insert into public.rooms (hotel_id,name,size_m2,amenities,images,board,cancellable,discount_pct,old_price_tl,price_tl,sort_order) values (7,'Aile Suiti',52,'["2 Yatak Odası","Oturma Alanı","Deniz Manzarası","Klima","Minibar"]'::jsonb,'["/images/hotels/acapulco.webp","/images/hotels/concorde-luxury.webp","/images/hotels/merit-park.webp"]'::jsonb,'Yarım Pansiyon',false,20,58725,46980,2);
insert into public.rooms (hotel_id,name,size_m2,amenities,images,board,cancellable,discount_pct,old_price_tl,price_tl,sort_order) values (8,'Standart Oda',28,'["Klima","Ücretsiz Wi-Fi","Minibar","LCD TV"]'::jsonb,'["/images/hotels/riverside-garden.webp","/images/hotels/concorde-luxury.webp","/images/hotels/merit-park.webp"]'::jsonb,'Sadece Oda',true,20,10823,8658,0);
insert into public.rooms (hotel_id,name,size_m2,amenities,images,board,cancellable,discount_pct,old_price_tl,price_tl,sort_order) values (8,'Deluxe Deniz Manzaralı Oda',36,'["Deniz Manzarası","Klima","Balkon","Ücretsiz Wi-Fi","Minibar"]'::jsonb,'["/images/hotels/riverside-garden.webp","/images/hotels/concorde-luxury.webp","/images/hotels/merit-park.webp"]'::jsonb,'Sadece Oda',true,20,12770,10216,1);
insert into public.rooms (hotel_id,name,size_m2,amenities,images,board,cancellable,discount_pct,old_price_tl,price_tl,sort_order) values (8,'Aile Suiti',52,'["2 Yatak Odası","Oturma Alanı","Deniz Manzarası","Klima","Minibar"]'::jsonb,'["/images/hotels/riverside-garden.webp","/images/hotels/concorde-luxury.webp","/images/hotels/merit-park.webp"]'::jsonb,'Sadece Oda',false,20,15693,12554,2);

insert into public.reviews (hotel_id,initials,name,review_date,rating,text,room,stay,guest_type,source_key) values (1,'AY','Ahmet Y.','Mayıs 2026',9.7,'Merit Park Hotel & Casino konaklamamız harikaydı. Personel çok ilgili, odalar tertemizdi. Kesinlikle tekrar geleceğiz.','Deluxe Oda','3 gece · Mayıs 2026','Çift','seed-1-0');
insert into public.reviews (hotel_id,initials,name,review_date,rating,text,room,stay,guest_type,source_key) values (1,'SK','Selin K.','Nisan 2026',9.299999999999999,'Konumu ve manzarası muhteşem. Kahvaltı çeşitleri bol. Havuz biraz kalabalıktı ama genel olarak memnun kaldık.','Standart Oda','2 gece · Nisan 2026','Aile','seed-1-1');
insert into public.reviews (hotel_id,initials,name,review_date,rating,text,room,stay,guest_type,source_key) values (1,'MD','Murat D.','Nisan 2026',9.899999999999999,'Fiyat/performans açısından çok başarılı. Deniz temiz, plaj düzenli. Animasyon ekibi keyifliydi.','Aile Odası','4 gece · Nisan 2026','Aile','seed-1-2');
insert into public.reviews (hotel_id,initials,name,review_date,rating,text,room,stay,guest_type,source_key) values (2,'AY','Ahmet Y.','Mayıs 2026',9.3,'Concorde Luxury Resort konaklamamız harikaydı. Personel çok ilgili, odalar tertemizdi. Kesinlikle tekrar geleceğiz.','Deluxe Oda','3 gece · Mayıs 2026','Çift','seed-2-0');
insert into public.reviews (hotel_id,initials,name,review_date,rating,text,room,stay,guest_type,source_key) values (2,'SK','Selin K.','Nisan 2026',8.9,'Konumu ve manzarası muhteşem. Kahvaltı çeşitleri bol. Havuz biraz kalabalıktı ama genel olarak memnun kaldık.','Standart Oda','2 gece · Nisan 2026','Aile','seed-2-1');
insert into public.reviews (hotel_id,initials,name,review_date,rating,text,room,stay,guest_type,source_key) values (2,'MD','Murat D.','Nisan 2026',9.5,'Fiyat/performans açısından çok başarılı. Deniz temiz, plaj düzenli. Animasyon ekibi keyifliydi.','Aile Odası','4 gece · Nisan 2026','Aile','seed-2-2');
insert into public.reviews (hotel_id,initials,name,review_date,rating,text,room,stay,guest_type,source_key) values (3,'AY','Ahmet Y.','Mayıs 2026',8.9,'Salamis Bay Conti Resort Hotel konaklamamız harikaydı. Personel çok ilgili, odalar tertemizdi. Kesinlikle tekrar geleceğiz.','Deluxe Oda','3 gece · Mayıs 2026','Çift','seed-3-0');
insert into public.reviews (hotel_id,initials,name,review_date,rating,text,room,stay,guest_type,source_key) values (3,'SK','Selin K.','Nisan 2026',8.5,'Konumu ve manzarası muhteşem. Kahvaltı çeşitleri bol. Havuz biraz kalabalıktı ama genel olarak memnun kaldık.','Standart Oda','2 gece · Nisan 2026','Aile','seed-3-1');
insert into public.reviews (hotel_id,initials,name,review_date,rating,text,room,stay,guest_type,source_key) values (3,'MD','Murat D.','Nisan 2026',9.1,'Fiyat/performans açısından çok başarılı. Deniz temiz, plaj düzenli. Animasyon ekibi keyifliydi.','Aile Odası','4 gece · Nisan 2026','Aile','seed-3-2');
insert into public.reviews (hotel_id,initials,name,review_date,rating,text,room,stay,guest_type,source_key) values (4,'AY','Ahmet Y.','Mayıs 2026',8.6,'Pia Bella Hotel konaklamamız harikaydı. Personel çok ilgili, odalar tertemizdi. Kesinlikle tekrar geleceğiz.','Deluxe Oda','3 gece · Mayıs 2026','Çift','seed-4-0');
insert into public.reviews (hotel_id,initials,name,review_date,rating,text,room,stay,guest_type,source_key) values (4,'SK','Selin K.','Nisan 2026',8.2,'Konumu ve manzarası muhteşem. Kahvaltı çeşitleri bol. Havuz biraz kalabalıktı ama genel olarak memnun kaldık.','Standart Oda','2 gece · Nisan 2026','Aile','seed-4-1');
insert into public.reviews (hotel_id,initials,name,review_date,rating,text,room,stay,guest_type,source_key) values (4,'MD','Murat D.','Nisan 2026',8.799999999999999,'Fiyat/performans açısından çok başarılı. Deniz temiz, plaj düzenli. Animasyon ekibi keyifliydi.','Aile Odası','4 gece · Nisan 2026','Aile','seed-4-2');
insert into public.reviews (hotel_id,initials,name,review_date,rating,text,room,stay,guest_type,source_key) values (5,'AY','Ahmet Y.','Mayıs 2026',8.5,'Vuni Palace Hotel konaklamamız harikaydı. Personel çok ilgili, odalar tertemizdi. Kesinlikle tekrar geleceğiz.','Deluxe Oda','3 gece · Mayıs 2026','Çift','seed-5-0');
insert into public.reviews (hotel_id,initials,name,review_date,rating,text,room,stay,guest_type,source_key) values (5,'SK','Selin K.','Nisan 2026',8.1,'Konumu ve manzarası muhteşem. Kahvaltı çeşitleri bol. Havuz biraz kalabalıktı ama genel olarak memnun kaldık.','Standart Oda','2 gece · Nisan 2026','Aile','seed-5-1');
insert into public.reviews (hotel_id,initials,name,review_date,rating,text,room,stay,guest_type,source_key) values (5,'MD','Murat D.','Nisan 2026',8.7,'Fiyat/performans açısından çok başarılı. Deniz temiz, plaj düzenli. Animasyon ekibi keyifliydi.','Aile Odası','4 gece · Nisan 2026','Aile','seed-5-2');
insert into public.reviews (hotel_id,initials,name,review_date,rating,text,room,stay,guest_type,source_key) values (6,'AY','Ahmet Y.','Mayıs 2026',8.4,'Grand Pasha Kyrenia Hotel & Spa konaklamamız harikaydı. Personel çok ilgili, odalar tertemizdi. Kesinlikle tekrar geleceğiz.','Deluxe Oda','3 gece · Mayıs 2026','Çift','seed-6-0');
insert into public.reviews (hotel_id,initials,name,review_date,rating,text,room,stay,guest_type,source_key) values (6,'SK','Selin K.','Nisan 2026',8,'Konumu ve manzarası muhteşem. Kahvaltı çeşitleri bol. Havuz biraz kalabalıktı ama genel olarak memnun kaldık.','Standart Oda','2 gece · Nisan 2026','Aile','seed-6-1');
insert into public.reviews (hotel_id,initials,name,review_date,rating,text,room,stay,guest_type,source_key) values (6,'MD','Murat D.','Nisan 2026',8.6,'Fiyat/performans açısından çok başarılı. Deniz temiz, plaj düzenli. Animasyon ekibi keyifliydi.','Aile Odası','4 gece · Nisan 2026','Aile','seed-6-2');
insert into public.reviews (hotel_id,initials,name,review_date,rating,text,room,stay,guest_type,source_key) values (7,'AY','Ahmet Y.','Mayıs 2026',7.9,'Acapulco Resort Convention & Spa konaklamamız harikaydı. Personel çok ilgili, odalar tertemizdi. Kesinlikle tekrar geleceğiz.','Deluxe Oda','3 gece · Mayıs 2026','Çift','seed-7-0');
insert into public.reviews (hotel_id,initials,name,review_date,rating,text,room,stay,guest_type,source_key) values (7,'SK','Selin K.','Nisan 2026',7.5,'Konumu ve manzarası muhteşem. Kahvaltı çeşitleri bol. Havuz biraz kalabalıktı ama genel olarak memnun kaldık.','Standart Oda','2 gece · Nisan 2026','Aile','seed-7-1');
insert into public.reviews (hotel_id,initials,name,review_date,rating,text,room,stay,guest_type,source_key) values (7,'MD','Murat D.','Nisan 2026',8.1,'Fiyat/performans açısından çok başarılı. Deniz temiz, plaj düzenli. Animasyon ekibi keyifliydi.','Aile Odası','4 gece · Nisan 2026','Aile','seed-7-2');
insert into public.reviews (hotel_id,initials,name,review_date,rating,text,room,stay,guest_type,source_key) values (8,'AY','Ahmet Y.','Mayıs 2026',7.3,'Riverside Garden Resort konaklamamız harikaydı. Personel çok ilgili, odalar tertemizdi. Kesinlikle tekrar geleceğiz.','Deluxe Oda','3 gece · Mayıs 2026','Çift','seed-8-0');
insert into public.reviews (hotel_id,initials,name,review_date,rating,text,room,stay,guest_type,source_key) values (8,'SK','Selin K.','Nisan 2026',6.8999999999999995,'Konumu ve manzarası muhteşem. Kahvaltı çeşitleri bol. Havuz biraz kalabalıktı ama genel olarak memnun kaldık.','Standart Oda','2 gece · Nisan 2026','Aile','seed-8-1');
insert into public.reviews (hotel_id,initials,name,review_date,rating,text,room,stay,guest_type,source_key) values (8,'MD','Murat D.','Nisan 2026',7.5,'Fiyat/performans açısından çok başarılı. Deniz temiz, plaj düzenli. Animasyon ekibi keyifliydi.','Aile Odası','4 gece · Nisan 2026','Aile','seed-8-2');

delete from public.cars where slug in ('renault-clio','fiat-egea-manuel','hyundai-i20','fiat-egea-otomatik','toyota-corolla','peugeot-2008','mercedes-c200');
insert into public.cars (slug,name,transmission,fuel,min_age,km_limit,deposit_tl,delivery,car_class,supplier,rating,review_count,location,daily_tl,total_tl,free_cancel,accent) values ('renault-clio','Renault Clio','Manuel','Benzin',21,300,7500,'Havalimanı Ofis','Ekonomik','Bookera',8.6,412,'İstanbul Sabiha Gökçen Havalimanı',1090,3270,true,'#0a7c8a');
insert into public.cars (slug,name,transmission,fuel,min_age,km_limit,deposit_tl,delivery,car_class,supplier,rating,review_count,location,daily_tl,total_tl,free_cancel,accent) values ('fiat-egea-manuel','Fiat Egea','Manuel','Dizel',21,300,7500,'Havalimanı Ofis','Ekonomik','Goldcar',8.4,587,'İstanbul Sabiha Gökçen Havalimanı',1190,3570,true,'#e8552d');
insert into public.cars (slug,name,transmission,fuel,min_age,km_limit,deposit_tl,delivery,car_class,supplier,rating,review_count,location,daily_tl,total_tl,free_cancel,accent) values ('hyundai-i20','Hyundai i20','Otomatik','Benzin',21,300,7500,'Havalimanı Ofis','Ekonomik','Europcar',8.8,333,'İstanbul Sabiha Gökçen Havalimanı',1450,4350,true,'#1b9e3e');
insert into public.cars (slug,name,transmission,fuel,min_age,km_limit,deposit_tl,delivery,car_class,supplier,rating,review_count,location,daily_tl,total_tl,free_cancel,accent) values ('fiat-egea-otomatik','Fiat Egea','Otomatik','Dizel',23,300,7500,'Havalimanı Ofis','Orta','Bookera',8.7,744,'İstanbul Sabiha Gökçen Havalimanı',1620,4860,true,'#0a7c8a');
insert into public.cars (slug,name,transmission,fuel,min_age,km_limit,deposit_tl,delivery,car_class,supplier,rating,review_count,location,daily_tl,total_tl,free_cancel,accent) values ('toyota-corolla','Toyota Corolla','Otomatik','Hibrit',25,300,7500,'Havalimanı Ofis','Orta','Praticar',9.1,256,'İstanbul Sabiha Gökçen Havalimanı',1980,5940,true,'#b8262b');
insert into public.cars (slug,name,transmission,fuel,min_age,km_limit,deposit_tl,delivery,car_class,supplier,rating,review_count,location,daily_tl,total_tl,free_cancel,accent) values ('peugeot-2008','Peugeot 2008','Otomatik','Dizel',25,300,7500,'Havalimanı Ofis','SUV','Europcar',8.9,198,'İstanbul Sabiha Gökçen Havalimanı',2350,7050,true,'#1b9e3e');
insert into public.cars (slug,name,transmission,fuel,min_age,km_limit,deposit_tl,delivery,car_class,supplier,rating,review_count,location,daily_tl,total_tl,free_cancel,accent) values ('mercedes-c200','Mercedes-Benz C200','Otomatik','Benzin',27,300,7500,'Havalimanı Ofis','Lüks','Goldcar',9.3,121,'İstanbul Sabiha Gökçen Havalimanı',4200,12600,true,'#e8552d');

commit;
